id,score
0000aaaa,1.8809618183797094
2222bbbb,2.100705170385515
4444cccc,2.0666991677374167
